/*
SQLyog Ultimate v8.32 
MySQL - 5.1.48-log : Database - qdm157806313_db
*********************************************************************
*/


/*!40101 SET NAMES utf8 */;

/*!40101 SET SQL_MODE=''*/;

/*!40014 SET @OLD_UNIQUE_CHECKS=@@UNIQUE_CHECKS, UNIQUE_CHECKS=0 */;
/*!40014 SET @OLD_FOREIGN_KEY_CHECKS=@@FOREIGN_KEY_CHECKS, FOREIGN_KEY_CHECKS=0 */;
/*!40101 SET @OLD_SQL_MODE=@@SQL_MODE, SQL_MODE='NO_AUTO_VALUE_ON_ZERO' */;
/*!40111 SET @OLD_SQL_NOTES=@@SQL_NOTES, SQL_NOTES=0 */;
CREATE DATABASE /*!32312 IF NOT EXISTS*/`zt` /*!40100 DEFAULT CHARACTER SET gbk */;

USE `zt`;

/*Table structure for table `zt_answer` */

DROP TABLE IF EXISTS `zt_answer`;

CREATE TABLE `zt_answer` (
  `aid` int(11) NOT NULL AUTO_INCREMENT,
  `atitle` text NOT NULL COMMENT '问题题目',
  PRIMARY KEY (`aid`)
) ENGINE=MyISAM AUTO_INCREMENT=5 DEFAULT CHARSET=utf8 COMMENT='注册问题表';

/*Data for the table `zt_answer` */

insert  into `zt_answer`(`aid`,`atitle`) values (1,'你的出生地'),(2,'你的小学班主任'),(3,'你的父亲姓名'),(4,'你的母亲姓名');

/*Table structure for table `zt_category` */

DROP TABLE IF EXISTS `zt_category`;

CREATE TABLE `zt_category` (
  `id` int(11) NOT NULL AUTO_INCREMENT,
  `name` varchar(50) NOT NULL,
  `pid` int(11) NOT NULL COMMENT '父亲',
  PRIMARY KEY (`id`)
) ENGINE=MyISAM AUTO_INCREMENT=4 DEFAULT CHARSET=utf8 COMMENT='分类';

/*Data for the table `zt_category` */

insert  into `zt_category`(`id`,`name`,`pid`) values (1,'生活用品',0),(2,'电子数码',0),(3,'辅助教材',0);

/*Table structure for table `zt_city` */

DROP TABLE IF EXISTS `zt_city`;

CREATE TABLE `zt_city` (
  `id` int(11) NOT NULL AUTO_INCREMENT,
  `cityid` int(11) NOT NULL,
  `city` varchar(20) NOT NULL,
  `fatherid` int(11) NOT NULL,
  PRIMARY KEY (`id`)
) ENGINE=MyISAM AUTO_INCREMENT=346 DEFAULT CHARSET=gbk;

/*Data for the table `zt_city` */

insert  into `zt_city`(`id`,`cityid`,`city`,`fatherid`) values (1,110100,'北京市',110000),(3,120100,'天津市',120000),(5,130100,'石家庄市',130000),(6,130200,'唐山市',130000),(7,130300,'秦皇岛市',130000),(8,130400,'邯郸市',130000),(9,130500,'邢台市',130000),(10,130600,'保定市',130000),(11,130700,'张家口市',130000),(12,130800,'承德市',130000),(13,130900,'沧州市',130000),(14,131000,'廊坊市',130000),(15,131100,'衡水市',130000),(16,140100,'太原市',140000),(17,140200,'大同市',140000),(18,140300,'阳泉市',140000),(19,140400,'长治市',140000),(20,140500,'晋城市',140000),(21,140600,'朔州市',140000),(22,140700,'晋中市',140000),(23,140800,'运城市',140000),(24,140900,'忻州市',140000),(25,141000,'临汾市',140000),(26,141100,'吕梁市',140000),(27,150100,'呼和浩特市',150000),(28,150200,'包头市',150000),(29,150300,'乌海市',150000),(30,150400,'赤峰市',150000),(31,150500,'通辽市',150000),(32,150600,'鄂尔多斯市',150000),(33,150700,'呼伦贝尔市',150000),(34,150800,'巴彦淖尔市',150000),(35,150900,'乌兰察布市',150000),(36,152200,'兴安盟',150000),(37,152500,'锡林郭勒盟',150000),(38,152900,'阿拉善盟',150000),(39,210100,'沈阳市',210000),(40,210200,'大连市',210000),(41,210300,'鞍山市',210000),(42,210400,'抚顺市',210000),(43,210500,'本溪市',210000),(44,210600,'丹东市',210000),(45,210700,'锦州市',210000),(46,210800,'营口市',210000),(47,210900,'阜新市',210000),(48,211000,'辽阳市',210000),(49,211100,'盘锦市',210000),(50,211200,'铁岭市',210000),(51,211300,'朝阳市',210000),(52,211400,'葫芦岛市',210000),(53,220100,'长春市',220000),(54,220200,'吉林市',220000),(55,220300,'四平市',220000),(56,220400,'辽源市',220000),(57,220500,'通化市',220000),(58,220600,'白山市',220000),(59,220700,'松原市',220000),(60,220800,'白城市',220000),(61,222400,'延边朝鲜族自治州',220000),(62,230100,'哈尔滨市',230000),(63,230200,'齐齐哈尔市',230000),(64,230300,'鸡西市',230000),(65,230400,'鹤岗市',230000),(66,230500,'双鸭山市',230000),(67,230600,'大庆市',230000),(68,230700,'伊春市',230000),(69,230800,'佳木斯市',230000),(70,230900,'七台河市',230000),(71,231000,'牡丹江市',230000),(72,231100,'黑河市',230000),(73,231200,'绥化市',230000),(74,232700,'大兴安岭地区',230000),(75,310100,'上海市',310000),(77,320100,'南京市',320000),(78,320200,'无锡市',320000),(79,320300,'徐州市',320000),(80,320400,'常州市',320000),(81,320500,'苏州市',320000),(82,320600,'南通市',320000),(83,320700,'连云港市',320000),(84,320800,'淮安市',320000),(85,320900,'盐城市',320000),(86,321000,'扬州市',320000),(87,321100,'镇江市',320000),(88,321200,'泰州市',320000),(89,321300,'宿迁市',320000),(90,330100,'杭州市',330000),(91,330200,'宁波市',330000),(92,330300,'温州市',330000),(93,330400,'嘉兴市',330000),(94,330500,'湖州市',330000),(95,330600,'绍兴市',330000),(96,330700,'金华市',330000),(97,330800,'衢州市',330000),(98,330900,'舟山市',330000),(99,331000,'台州市',330000),(100,331100,'丽水市',330000),(101,340100,'合肥市',340000),(102,340200,'芜湖市',340000),(103,340300,'蚌埠市',340000),(104,340400,'淮南市',340000),(105,340500,'马鞍山市',340000),(106,340600,'淮北市',340000),(107,340700,'铜陵市',340000),(108,340800,'安庆市',340000),(109,341000,'黄山市',340000),(110,341100,'滁州市',340000),(111,341200,'阜阳市',340000),(112,341300,'宿州市',340000),(113,341400,'巢湖市',340000),(114,341500,'六安市',340000),(115,341600,'亳州市',340000),(116,341700,'池州市',340000),(117,341800,'宣城市',340000),(118,350100,'福州市',350000),(119,350200,'厦门市',350000),(120,350300,'莆田市',350000),(121,350400,'三明市',350000),(122,350500,'泉州市',350000),(123,350600,'漳州市',350000),(124,350700,'南平市',350000),(125,350800,'龙岩市',350000),(126,350900,'宁德市',350000),(127,360100,'南昌市',360000),(128,360200,'景德镇市',360000),(129,360300,'萍乡市',360000),(130,360400,'九江市',360000),(131,360500,'新余市',360000),(132,360600,'鹰潭市',360000),(133,360700,'赣州市',360000),(134,360800,'吉安市',360000),(135,360900,'宜春市',360000),(136,361000,'抚州市',360000),(137,361100,'上饶市',360000),(138,370100,'济南市',370000),(139,370200,'青岛市',370000),(140,370300,'淄博市',370000),(141,370400,'枣庄市',370000),(142,370500,'东营市',370000),(143,370600,'烟台市',370000),(144,370700,'潍坊市',370000),(145,370800,'济宁市',370000),(146,370900,'泰安市',370000),(147,371000,'威海市',370000),(148,371100,'日照市',370000),(149,371200,'莱芜市',370000),(150,371300,'临沂市',370000),(151,371400,'德州市',370000),(152,371500,'聊城市',370000),(153,371600,'滨州市',370000),(154,371700,'荷泽市',370000),(155,410100,'郑州市',410000),(156,410200,'开封市',410000),(157,410300,'洛阳市',410000),(158,410400,'平顶山市',410000),(159,410500,'安阳市',410000),(160,410600,'鹤壁市',410000),(161,410700,'新乡市',410000),(162,410800,'焦作市',410000),(163,410900,'濮阳市',410000),(164,411000,'许昌市',410000),(165,411100,'漯河市',410000),(166,411200,'三门峡市',410000),(167,411300,'南阳市',410000),(168,411400,'商丘市',410000),(169,411500,'信阳市',410000),(170,411600,'周口市',410000),(171,411700,'驻马店市',410000),(172,420100,'武汉市',420000),(173,420200,'黄石市',420000),(174,420300,'十堰市',420000),(175,420500,'宜昌市',420000),(176,420600,'襄樊市',420000),(177,420700,'鄂州市',420000),(178,420800,'荆门市',420000),(179,420900,'孝感市',420000),(180,421000,'荆州市',420000),(181,421100,'黄冈市',420000),(182,421200,'咸宁市',420000),(183,421300,'随州市',420000),(184,422800,'恩施土家族苗族自治州',420000),(185,429000,'省直辖行政单位',420000),(186,430100,'长沙市',430000),(187,430200,'株洲市',430000),(188,430300,'湘潭市',430000),(189,430400,'衡阳市',430000),(190,430500,'邵阳市',430000),(191,430600,'岳阳市',430000),(192,430700,'常德市',430000),(193,430800,'张家界市',430000),(194,430900,'益阳市',430000),(195,431000,'郴州市',430000),(196,431100,'永州市',430000),(197,431200,'怀化市',430000),(198,431300,'娄底市',430000),(199,433100,'湘西土家族苗族自治州',430000),(200,440100,'广州市',440000),(201,440200,'韶关市',440000),(202,440300,'深圳市',440000),(203,440400,'珠海市',440000),(204,440500,'汕头市',440000),(205,440600,'佛山市',440000),(206,440700,'江门市',440000),(207,440800,'湛江市',440000),(208,440900,'茂名市',440000),(209,441200,'肇庆市',440000),(210,441300,'惠州市',440000),(211,441400,'梅州市',440000),(212,441500,'汕尾市',440000),(213,441600,'河源市',440000),(214,441700,'阳江市',440000),(215,441800,'清远市',440000),(216,441900,'东莞市',440000),(217,442000,'中山市',440000),(218,445100,'潮州市',440000),(219,445200,'揭阳市',440000),(220,445300,'云浮市',440000),(221,450100,'南宁市',450000),(222,450200,'柳州市',450000),(223,450300,'桂林市',450000),(224,450400,'梧州市',450000),(225,450500,'北海市',450000),(226,450600,'防城港市',450000),(227,450700,'钦州市',450000),(228,450800,'贵港市',450000),(229,450900,'玉林市',450000),(230,451000,'百色市',450000),(231,451100,'贺州市',450000),(232,451200,'河池市',450000),(233,451300,'来宾市',450000),(234,451400,'崇左市',450000),(235,460100,'海口市',460000),(236,460200,'三亚市',460000),(237,469000,'省直辖县级行政单位',460000),(238,500100,'重庆市',500000),(241,510100,'成都市',510000),(242,510300,'自贡市',510000),(243,510400,'攀枝花市',510000),(244,510500,'泸州市',510000),(245,510600,'德阳市',510000),(246,510700,'绵阳市',510000),(247,510800,'广元市',510000),(248,510900,'遂宁市',510000),(249,511000,'内江市',510000),(250,511100,'乐山市',510000),(251,511300,'南充市',510000),(252,511400,'眉山市',510000),(253,511500,'宜宾市',510000),(254,511600,'广安市',510000),(255,511700,'达州市',510000),(256,511800,'雅安市',510000),(257,511900,'巴中市',510000),(258,512000,'资阳市',510000),(259,513200,'阿坝藏族羌族自治州',510000),(260,513300,'甘孜藏族自治州',510000),(261,513400,'凉山彝族自治州',510000),(262,520100,'贵阳市',520000),(263,520200,'六盘水市',520000),(264,520300,'遵义市',520000),(265,520400,'安顺市',520000),(266,522200,'铜仁地区',520000),(267,522300,'黔西南布依族苗族自治州',520000),(268,522400,'毕节地区',520000),(269,522600,'黔东南苗族侗族自治州',520000),(270,522700,'黔南布依族苗族自治州',520000),(271,530100,'昆明市',530000),(272,530300,'曲靖市',530000),(273,530400,'玉溪市',530000),(274,530500,'保山市',530000),(275,530600,'昭通市',530000),(276,530700,'丽江市',530000),(277,530800,'思茅市',530000),(278,530900,'临沧市',530000),(279,532300,'楚雄彝族自治州',530000),(280,532500,'红河哈尼族彝族自治州',530000),(281,532600,'文山壮族苗族自治州',530000),(282,532800,'西双版纳傣族自治州',530000),(283,532900,'大理白族自治州',530000),(284,533100,'德宏傣族景颇族自治州',530000),(285,533300,'怒江傈僳族自治州',530000),(286,533400,'迪庆藏族自治州',530000),(287,540100,'拉萨市',540000),(288,542100,'昌都地区',540000),(289,542200,'山南地区',540000),(290,542300,'日喀则地区',540000),(291,542400,'那曲地区',540000),(292,542500,'阿里地区',540000),(293,542600,'林芝地区',540000),(294,610100,'西安市',610000),(295,610200,'铜川市',610000),(296,610300,'宝鸡市',610000),(297,610400,'咸阳市',610000),(298,610500,'渭南市',610000),(299,610600,'延安市',610000),(300,610700,'汉中市',610000),(301,610800,'榆林市',610000),(302,610900,'安康市',610000),(303,611000,'商洛市',610000),(304,620100,'兰州市',620000),(305,620200,'嘉峪关市',620000),(306,620300,'金昌市',620000),(307,620400,'白银市',620000),(308,620500,'天水市',620000),(309,620600,'武威市',620000),(310,620700,'张掖市',620000),(311,620800,'平凉市',620000),(312,620900,'酒泉市',620000),(313,621000,'庆阳市',620000),(314,621100,'定西市',620000),(315,621200,'陇南市',620000),(316,622900,'临夏回族自治州',620000),(317,623000,'甘南藏族自治州',620000),(318,630100,'西宁市',630000),(319,632100,'海东地区',630000),(320,632200,'海北藏族自治州',630000),(321,632300,'黄南藏族自治州',630000),(322,632500,'海南藏族自治州',630000),(323,632600,'果洛藏族自治州',630000),(324,632700,'玉树藏族自治州',630000),(325,632800,'海西蒙古族藏族自治州',630000),(326,640100,'银川市',640000),(327,640200,'石嘴山市',640000),(328,640300,'吴忠市',640000),(329,640400,'固原市',640000),(330,640500,'中卫市',640000),(331,650100,'乌鲁木齐市',650000),(332,650200,'克拉玛依市',650000),(333,652100,'吐鲁番地区',650000),(334,652200,'哈密地区',650000),(335,652300,'昌吉回族自治州',650000),(336,652700,'博尔塔拉蒙古自治州',650000),(337,652800,'巴音郭楞蒙古自治州',650000),(338,652900,'阿克苏地区',650000),(339,653000,'克孜勒苏柯尔克孜自治州',650000),(340,653100,'喀什地区',650000),(341,653200,'和田地区',650000),(342,654000,'伊犁哈萨克自治州',650000),(343,654200,'塔城地区',650000),(344,654300,'阿勒泰地区',650000),(345,659000,'省直辖行政单位',650000);

/*Table structure for table `zt_collect` */

DROP TABLE IF EXISTS `zt_collect`;

CREATE TABLE `zt_collect` (
  `id` int(11) NOT NULL AUTO_INCREMENT,
  `news_id` int(11) NOT NULL DEFAULT '0',
  `user_id` int(11) NOT NULL DEFAULT '0',
  `status` tinyint(1) NOT NULL DEFAULT '0' COMMENT '0:正常 -1：已取消关注 -2：内容失效',
  `create_time` int(11) NOT NULL DEFAULT '0',
  PRIMARY KEY (`id`)
) ENGINE=MyISAM AUTO_INCREMENT=8 DEFAULT CHARSET=utf8;

/*Data for the table `zt_collect` */

insert  into `zt_collect`(`id`,`news_id`,`user_id`,`status`,`create_time`) values (3,18,14,0,1452787265),(4,13,15,0,1453104246),(5,15,0,0,1453278205),(6,16,0,0,1453278210),(7,18,16,0,1453293063);

/*Table structure for table `zt_contact` */

DROP TABLE IF EXISTS `zt_contact`;

CREATE TABLE `zt_contact` (
  `id` int(11) NOT NULL,
  `email` varchar(50) NOT NULL DEFAULT '',
  `name` varchar(20) NOT NULL DEFAULT '',
  `subject` varchar(100) NOT NULL DEFAULT '' COMMENT '主题',
  `message` varchar(500) NOT NULL DEFAULT '' COMMENT '内容',
  `status` tinyint(1) NOT NULL DEFAULT '0' COMMENT '0:正常 1：已回复 -1：标记异常',
  `create_time` int(11) NOT NULL DEFAULT '0',
  `user_id` int(11) NOT NULL DEFAULT '0',
  PRIMARY KEY (`id`)
) ENGINE=MyISAM DEFAULT CHARSET=utf8 COMMENT='用户意见反馈';

/*Data for the table `zt_contact` */

insert  into `zt_contact`(`id`,`email`,`name`,`subject`,`message`,`status`,`create_time`,`user_id`) values (0,'','','','',0,1452609373,0);

/*Table structure for table `zt_content` */

DROP TABLE IF EXISTS `zt_content`;

CREATE TABLE `zt_content` (
  `id` int(11) NOT NULL AUTO_INCREMENT,
  `news_id` int(11) NOT NULL COMMENT '所属条目id',
  `images` text NOT NULL COMMENT '多图 json格式',
  `content` text NOT NULL COMMENT '内容',
  PRIMARY KEY (`id`)
) ENGINE=MyISAM AUTO_INCREMENT=23 DEFAULT CHARSET=utf8 COMMENT='内容';

/*Data for the table `zt_content` */

insert  into `zt_content`(`id`,`news_id`,`images`,`content`) values (14,14,'',''),(13,13,'',''),(15,15,'{\"0\":\"2016-01-14\\/5697573bda453.jpg\",\"head\":\"2016-01-14\\/5697573c06d94.jpg\",\"1\":\"2016-01-14\\/5697573c12cee.png\",\"2\":\"2016-01-14\\/5697573c1e09d.png\"}',''),(16,16,'',''),(17,17,'{\"head\":\"2016-01-12\\/56951641bf466.png\"}',''),(18,18,'[\"2016-01-14\\/5697b5f48581b.jpg\"]','鸡腿哦'),(19,19,'{\"0\":\"2016-01-14\\/5697b644c5f9d.jpg\",\"1\":\"2016-01-14\\/5697b663a5079.jpg\",\"2\":\"2016-01-14\\/5697b66f3ad46.jpg\",\"head\":\"2016-01-14\\/5697b67823e14.jpg\"}','你说好不好'),(20,20,'{\"head\":\"2016-01-18\\/569ccf447d4c7.png\"}','很好'),(21,21,'{\"head\":\"2016-01-18\\/569cd1961c442.jpg\"}','678'),(22,22,'{\"head\":\"2016-01-18\\/569cd38eb2c58.jpg\"}','12345');

/*Table structure for table `zt_mark` */

DROP TABLE IF EXISTS `zt_mark`;

CREATE TABLE `zt_mark` (
  `id` int(11) NOT NULL AUTO_INCREMENT,
  `news_id` int(11) NOT NULL DEFAULT '0',
  `email` varchar(50) NOT NULL DEFAULT '',
  `mark_result` varchar(200) NOT NULL DEFAULT '' COMMENT '详细原因',
  `user_id` int(11) NOT NULL DEFAULT '0' COMMENT '举报人id 匿名举报值为0',
  `status` smallint(1) NOT NULL DEFAULT '0' COMMENT '0：未处理 1：已删除：2已封号',
  `create_time` int(11) NOT NULL DEFAULT '0',
  `handle_time` int(11) NOT NULL DEFAULT '0',
  PRIMARY KEY (`id`)
) ENGINE=MyISAM DEFAULT CHARSET=utf8;

/*Data for the table `zt_mark` */

/*Table structure for table `zt_news` */

DROP TABLE IF EXISTS `zt_news`;

CREATE TABLE `zt_news` (
  `id` int(11) NOT NULL AUTO_INCREMENT,
  `title` varchar(50) NOT NULL DEFAULT '' COMMENT '标题',
  `keyword` varchar(50) NOT NULL DEFAULT '' COMMENT '关键字',
  `description` varchar(200) NOT NULL DEFAULT '' COMMENT '描述',
  `price` int(11) NOT NULL DEFAULT '0' COMMENT '价格（单位：分）',
  `img` varchar(100) NOT NULL DEFAULT '' COMMENT '主图',
  `category_id` int(11) NOT NULL DEFAULT '0' COMMENT '分类id',
  `neworold` int(1) NOT NULL DEFAULT '0' COMMENT '新旧程度 0:少于五成新',
  `province_id` int(11) NOT NULL DEFAULT '0' COMMENT '省份id',
  `city_id` int(11) NOT NULL DEFAULT '0' COMMENT '城市id',
  `school_id` int(11) NOT NULL DEFAULT '0' COMMENT '学校id',
  `user_id` int(11) NOT NULL DEFAULT '0' COMMENT '用户id',
  `show_count` int(11) NOT NULL DEFAULT '0' COMMENT '浏览次数',
  `phone` varchar(11) NOT NULL DEFAULT '' COMMENT '联系人电话',
  `relation_name` varchar(20) NOT NULL DEFAULT '' COMMENT '联系人姓名',
  `is_top` int(1) NOT NULL DEFAULT '0' COMMENT '置顶',
  `report_count` int(11) NOT NULL DEFAULT '0' COMMENT '举报次数',
  `is_del` int(1) NOT NULL DEFAULT '0' COMMENT '删除',
  `created` int(11) NOT NULL DEFAULT '0' COMMENT '创建时间',
  `updated` int(11) NOT NULL DEFAULT '0' COMMENT '更改时间',
  PRIMARY KEY (`id`)
) ENGINE=MyISAM AUTO_INCREMENT=23 DEFAULT CHARSET=utf8 COMMENT='发布内容';

/*Data for the table `zt_news` */

insert  into `zt_news`(`id`,`title`,`keyword`,`description`,`price`,`img`,`category_id`,`neworold`,`province_id`,`city_id`,`school_id`,`user_id`,`show_count`,`phone`,`relation_name`,`is_top`,`report_count`,`is_del`,`created`,`updated`) values (15,'test 3','test 2','test 2',1234,'2016-01-14/5697573c06d94.jpg',1,9,0,0,0,3,31,'2147483647','马莹',0,0,0,1452577952,1452759105),(13,'test 1','test','test',123,'2016-01-12/569493547cf87.jpg',1,9,0,0,0,3,31,'2147483647','0',0,0,0,1452577629,0),(14,'test 2','test 2','test 2test 2',111,'2016-01-12/56949370c1d34.jpg',1,9,0,0,0,3,31,'2147483647','0',0,0,0,1452577651,0),(16,'test 4','test 4test 4','test 4test 4',121,'2016-01-12/569494cf6bf90.png',1,9,0,0,0,3,31,'2147483647','0',0,0,0,1452578003,0),(17,'好吃的','123','好吃',7,'2016-01-12/56951641bf466.png',1,9,0,0,0,8,16,'1312344321','0',0,0,0,1452611191,0),(18,'测试发布','测试发布，好用的发布','好好好好',125,'2016-01-14/5697b5f48581b.jpg',2,8,0,0,0,14,15,'2147483647','马莹',1,0,0,1452783140,1452789399),(19,'测试发布二','好东西啊','好好好',12,'2016-01-14/5697b67823e14.jpg',3,7,0,0,0,14,15,'2147483647','马莹',0,0,0,1452783252,1452787417),(20,'123','请问','号',10,'2016-01-18/569ccf447d4c7.png',1,0,0,0,0,15,4,'12345679876','刘',0,0,0,1453117256,0),(21,'456','4567','678',14,'2016-01-18/569cd1961c442.jpg',1,0,0,0,0,15,4,'12312345678','刘',0,0,0,1453117871,0),(22,'1232','1','1',12,'2016-01-18/569cd38eb2c58.jpg',1,0,0,0,0,15,4,'12345679876','刘',0,0,0,1453118361,0);

/*Table structure for table `zt_province` */

DROP TABLE IF EXISTS `zt_province`;

CREATE TABLE `zt_province` (
  `id` int(11) NOT NULL AUTO_INCREMENT,
  `provinceid` int(11) NOT NULL,
  `province` varchar(20) NOT NULL,
  PRIMARY KEY (`id`)
) ENGINE=MyISAM AUTO_INCREMENT=35 DEFAULT CHARSET=gbk;

/*Data for the table `zt_province` */

insert  into `zt_province`(`id`,`provinceid`,`province`) values (1,110000,'北京市'),(2,120000,'天津市'),(3,130000,'河北省'),(4,140000,'山西省'),(5,150000,'内蒙古自治区'),(6,210000,'辽宁省'),(7,220000,'吉林省'),(8,230000,'黑龙江省'),(9,310000,'上海市'),(10,320000,'江苏省'),(11,330000,'浙江省'),(12,340000,'安徽省'),(13,350000,'福建省'),(14,360000,'江西省'),(15,370000,'山东省'),(16,410000,'河南省'),(17,420000,'湖北省'),(18,430000,'湖南省'),(19,440000,'广东省'),(20,450000,'广西壮族自治区'),(21,460000,'海南省'),(22,500000,'重庆市'),(23,510000,'四川省'),(24,520000,'贵州省'),(25,530000,'云南省'),(26,540000,'西藏自治区'),(27,610000,'陕西省'),(28,620000,'甘肃省'),(29,630000,'青海省'),(30,640000,'宁夏回族自治区'),(31,650000,'新疆维吾尔自治区'),(32,710000,'台湾省'),(33,810000,'香港特别行政区'),(34,820000,'澳门特别行政区');

/*Table structure for table `zt_university_all` */

DROP TABLE IF EXISTS `zt_university_all`;

CREATE TABLE `zt_university_all` (
  `id` int(11) NOT NULL AUTO_INCREMENT,
  `province_id` int(11) NOT NULL DEFAULT '0' COMMENT '省份id',
  `city_id` int(11) NOT NULL DEFAULT '0' COMMENT '城市id',
  `s_name` varchar(50) NOT NULL DEFAULT '' COMMENT '学校名称',
  `status` tinyint(4) NOT NULL DEFAULT '0' COMMENT '状态： 0 正常 1 开通 -1 关闭',
  `created` int(11) NOT NULL DEFAULT '0' COMMENT '创建时间',
  PRIMARY KEY (`id`)
) ENGINE=MyISAM AUTO_INCREMENT=6 DEFAULT CHARSET=utf8 COMMENT='学校列表';

/*Data for the table `zt_university_all` */

insert  into `zt_university_all`(`id`,`province_id`,`city_id`,`s_name`,`status`,`created`) values (1,0,0,'北华大学',-1,0),(2,0,0,'东北电力大学',1,0),(3,0,0,'吉林大学',0,0),(4,0,0,'东北大学',0,0),(5,220000,220200,'吉林电子',0,0);

/*Table structure for table `zt_user` */

DROP TABLE IF EXISTS `zt_user`;

CREATE TABLE `zt_user` (
  `id` int(11) NOT NULL AUTO_INCREMENT,
  `email` varchar(50) NOT NULL DEFAULT '0' COMMENT '邮件地址',
  `password` varchar(100) NOT NULL DEFAULT '0' COMMENT '密码',
  `nickname` varchar(50) NOT NULL DEFAULT '0' COMMENT '昵称',
  `province_id` int(11) NOT NULL DEFAULT '0' COMMENT '省id',
  `city_id` int(11) NOT NULL DEFAULT '0' COMMENT '市id',
  `school_id` int(11) NOT NULL DEFAULT '0' COMMENT '学校id',
  `phone` varchar(11) NOT NULL DEFAULT '0' COMMENT '电话',
  `class` varchar(50) NOT NULL DEFAULT '0' COMMENT '班级',
  `status` int(11) NOT NULL DEFAULT '0' COMMENT '状态',
  `account` int(11) NOT NULL DEFAULT '0' COMMENT '账户',
  `lastlogintime` int(11) NOT NULL DEFAULT '0' COMMENT '最后登录时间',
  `created` int(11) NOT NULL DEFAULT '0' COMMENT '创建时间',
  `updated` int(11) NOT NULL DEFAULT '0' COMMENT '修改时间',
  `icon` varchar(100) DEFAULT NULL COMMENT '用户头像',
  PRIMARY KEY (`id`)
) ENGINE=MyISAM AUTO_INCREMENT=17 DEFAULT CHARSET=utf8 CHECKSUM=1 DELAY_KEY_WRITE=1 ROW_FORMAT=DYNAMIC COMMENT='用户表';

/*Data for the table `zt_user` */

insert  into `zt_user`(`id`,`email`,`password`,`nickname`,`province_id`,`city_id`,`school_id`,`phone`,`class`,`status`,`account`,`lastlogintime`,`created`,`updated`,`icon`) values (14,'1977905246@qq.com','46f94c8de14fb36680850768ff1b7f2a','0',0,0,0,'15662476002','0',-1,0,1453692196,1452783019,0,NULL),(13,'545704061@qq.com','d2f0f3d97a95bd364f3a70611de5797a','0',0,0,0,'15643927921','0',0,0,1453103231,1452782336,0,NULL),(15,'123456@163.com','e10adc3949ba59abbe56e057f20f883e','0',0,0,4,'13112344321','0',0,0,1453114021,1453103063,0,NULL),(16,'1477596895@qq.com','13ae6d1cdc78269a10fbdc7a6f8eae8c','0',0,0,1,'15910269280','0',0,0,1453690826,1453293005,0,NULL);

/*!40101 SET SQL_MODE=@OLD_SQL_MODE */;
/*!40014 SET FOREIGN_KEY_CHECKS=@OLD_FOREIGN_KEY_CHECKS */;
/*!40014 SET UNIQUE_CHECKS=@OLD_UNIQUE_CHECKS */;
/*!40111 SET SQL_NOTES=@OLD_SQL_NOTES */;
